title,event_date,category,source,participation,mingyu_level,link_type,url,note,status
다시 11.55,2026-05-23,直播,Weverse LIVE,个人,极高,官方直链,https://weverse.io/seventeen/live/2-175065446,,published
29살김민규 / 도와줘......캐럿들🆘,2026-03-15,直播,Weverse LIVE,个人,极高,官方直链,https://weverse.io/seventeen/live/1-171257290,,published
[SSSS CAM] MINGYU - body & It’s Me @2026 CARAT LAND,,打歌舞台,Weverse,个人Focus,极高,官方直链,https://weverse.io/seventeen/media/0-176573403,,published
[SSSS CAM] MINGYU - body & It’s Me @2026 CARAT LAND,,打歌舞台,Weverse,个人Focus,极高,官方直链,https://weverse.io/seventeen/media/0-176573403,官方个人Focus,published
SEVENTEEN expands their musical universe through subunits,,采访,Weverse Magazine,S.COUPS X MINGYU,高,官方直链,https://magazine.weverse.io/article/view/1744?lang=en,含S.COUPS X MINGYU专门章节,published
SEVENTEEN WORLD TOUR [NEW_] (MINGYU FOCUS),,演唱会,Weverse,个人Focus,极高,官方直链,https://weverse.io/seventeen/media/3-227467682,,published
SEVENTEEN WORLD TOUR [NEW_] (MINGYU FOCUS),,演唱会,Weverse,个人Focus,极高,官方直链,https://weverse.io/seventeen/media/3-227467682,官方个人Focus,published
SEVENTEEN '2026 SEASON'S GREETINGS' MOOD FILM #MINGYU,,官方影像,Weverse,个人,极高,官方直链,https://weverse.io/seventeen/media/1-167049197,,published
2026 Weverse Magazine MINGYU｜定向检索入口,,采访,magazine.weverse.io,MINGYU,检索入口,站内定向检索,https://www.google.com/search?q=site%3Amagazine.weverse.io%20MINGYU%20SEVENTEEN%202026,定向官方域名查漏,published
2026 Weverse MINGYU｜定向检索入口,,直播,weverse.io,MINGYU,检索入口,站内定向检索,https://www.google.com/search?q=site%3Aweverse.io/seventeen%20MINGYU%202026,定向官方域名查漏,published
2026 SEVENTEEN Japan MINGYU｜定向检索入口,,日本物料,seventeen-17.jp,MINGYU,检索入口,站内定向检索,https://www.google.com/search?q=site%3Aseventeen-17.jp%20MINGYU%202026,定向官方域名查漏,published
2026 S.COUPS X MINGYU｜官方/公开视频检索入口,,小分队,YouTube,S.COUPS X MINGYU,检索入口,平台检索,https://www.youtube.com/results?search_query=SEVENTEEN%20S.COUPS%20X%20MINGYU%202026,用于继续逐条查漏；非单条物料直链,published
2026 MINGYU vlog｜官方/公开视频检索入口,,Vlog,YouTube,MINGYU,检索入口,平台检索,https://www.youtube.com/results?search_query=SEVENTEEN%20MINGYU%20vlog%202026,用于继续逐条查漏；非单条物料直链,published
2026 MINGYU magazine behind｜官方/公开视频检索入口,,杂志画报,YouTube,MINGYU,检索入口,平台检索,https://www.youtube.com/results?search_query=SEVENTEEN%20MINGYU%20magazine%20behind%202026,用于继续逐条查漏；非单条物料直链,published
2026 MINGYU interview｜官方/公开视频检索入口,,采访,YouTube,MINGYU,检索入口,平台检索,https://www.youtube.com/results?search_query=SEVENTEEN%20MINGYU%20interview%202026,用于继续逐条查漏；非单条物料直链,published
2026 MINGYU fancam｜官方/公开视频检索入口,,打歌舞台,YouTube,MINGYU,检索入口,平台检索,https://www.youtube.com/results?search_query=SEVENTEEN%20MINGYU%20fancam%202026,用于继续逐条查漏；非单条物料直链,published
2026 MINGYU birthday｜官方/公开视频检索入口,,生日内容,YouTube,MINGYU,检索入口,平台检索,https://www.youtube.com/results?search_query=SEVENTEEN%20MINGYU%20birthday%202026,用于继续逐条查漏；非单条物料直链,published
2026 MINGYU Nana bnb｜官方/公开视频检索入口,,综艺,YouTube,MINGYU,检索入口,平台检索,https://www.youtube.com/results?search_query=SEVENTEEN%20MINGYU%20Nana%20bnb%202026,用于继续逐条查漏；非单条物料直链,published
2026 MINGYU Nana Tour｜官方/公开视频检索入口,,综艺,YouTube,MINGYU,检索入口,平台检索,https://www.youtube.com/results?search_query=SEVENTEEN%20MINGYU%20Nana%20Tour%202026,用于继续逐条查漏；非单条物料直链,published
2026 MINGYU Master Key｜官方/公开视频检索入口,,综艺,YouTube,MINGYU,检索入口,平台检索,https://www.youtube.com/results?search_query=SEVENTEEN%20MINGYU%20Master%20Key%202026,用于继续逐条查漏；非单条物料直链,published
2026 MINGYU Jungle Law｜官方/公开视频检索入口,,综艺,YouTube,MINGYU,检索入口,平台检索,https://www.youtube.com/results?search_query=SEVENTEEN%20MINGYU%20Jungle%20Law%202026,用于继续逐条查漏；非单条物料直链,published
2026 MINGYU Inkigayo MC｜官方/公开视频检索入口,,主持,YouTube,MINGYU,检索入口,平台检索,https://www.youtube.com/results?search_query=SEVENTEEN%20MINGYU%20Inkigayo%20MC%202026,用于继续逐条查漏；非单条物料直链,published
2026 MINGYU In the SOOP｜官方/公开视频检索入口,,综艺,YouTube,MINGYU,检索入口,平台检索,https://www.youtube.com/results?search_query=SEVENTEEN%20MINGYU%20In%20the%20SOOP%202026,用于继续逐条查漏；非单条物料直链,published
2026 MINGYU FOCUS｜官方/公开视频检索入口,,打歌舞台,YouTube,MINGYU,检索入口,平台检索,https://www.youtube.com/results?search_query=SEVENTEEN%20MINGYU%20FOCUS%202026,用于继续逐条查漏；非单条物料直链,published
2026 MINGYU Bittersweet｜官方/公开视频检索入口,,音乐/MV,YouTube,WONWOO X MINGYU,检索入口,平台检索,https://www.youtube.com/results?search_query=SEVENTEEN%20MINGYU%20Bittersweet%202026,用于继续逐条查漏；非单条物料直链,published
2026 MINGYU Battle Trip｜官方/公开视频检索入口,,综艺,YouTube,MINGYU,检索入口,平台检索,https://www.youtube.com/results?search_query=SEVENTEEN%20MINGYU%20Battle%20Trip%202026,用于继续逐条查漏；非单条物料直链,published
2026 INSIDE SEVENTEEN MINGYU｜官方/公开视频检索入口,,幕后,YouTube,MINGYU,检索入口,平台检索,https://www.youtube.com/results?search_query=SEVENTEEN%20INSIDE%20SEVENTEEN%20MINGYU%202026,用于继续逐条查漏；非单条物料直链,published
2026 GOING SEVENTEEN｜官方/公开视频检索入口,,综艺,YouTube,SEVENTEEN,检索入口,平台检索,https://www.youtube.com/results?search_query=SEVENTEEN%20GOING%20SEVENTEEN%202026,用于继续逐条查漏；非单条物料直链,published
ELLE Japan,,杂志画报,ELLE Japan,个人/小组,高,资料检索入口,https://www.google.com/search?q=ELLE+Japan+MINGYU+SEVENTEEN+ELLE+Japan,特别版封面/ELLE MEN/采访,published
SEVENTEEN spends a therapeutic countryside stay at NANA bnb,,采访,Weverse Magazine,个人重点,高,官方直链,https://magazine.weverse.io/article/view/1504?lang=en,含MINGYU专门段落,published
SEVENTEEN WORLD TOUR [RIGHT HERE] (MINGYU FOCUS),,演唱会,Weverse,个人Focus,极高,官方直链,https://weverse.io/seventeen/media/2-157708162,,published
SEVENTEEN WORLD TOUR [RIGHT HERE] (MINGYU FOCUS),,演唱会,Weverse,个人Focus,极高,官方直链,https://weverse.io/seventeen/media/2-157708162,官方个人Focus,published
NANA bnb with SEVENTEEN｜Hold back Mingyu aka Mr. Generous,,综艺,Weverse,个人重点,极高,官方直链,https://weverse.io/seventeen/media/1-159984050,珉奎重点剪辑,published
NANA bnb with SEVENTEEN,,综艺,tvN / Weverse,团体固定,中-高,官方平台检索入口,https://www.youtube.com/results?search_query=NANA+bnb+with+SEVENTEEN+SEVENTEEN+official,珉奎参与；建议按集拆分继续补录,published
Hold back Mingyu aka Mr. Generous｜NANA bnb with SEVENTEEN,,综艺,Weverse,个人重点,极高,官方直链,https://weverse.io/seventeen/media/1-159984050,,published
Calvin Klein Fall Denim Campaign,,品牌时尚,Calvin Klein,个人,极高,品牌官方直链,https://www.calvinklein.us/en/mingyu/discover-the-collection,品牌广告,published
2025 Weverse Magazine MINGYU｜定向检索入口,,采访,magazine.weverse.io,MINGYU,检索入口,站内定向检索,https://www.google.com/search?q=site%3Amagazine.weverse.io%20MINGYU%20SEVENTEEN%202025,定向官方域名查漏,published
2025 Weverse MINGYU｜定向检索入口,,直播,weverse.io,MINGYU,检索入口,站内定向检索,https://www.google.com/search?q=site%3Aweverse.io/seventeen%20MINGYU%202025,定向官方域名查漏,published
2025 SEVENTEEN Japan MINGYU｜定向检索入口,,日本物料,seventeen-17.jp,MINGYU,检索入口,站内定向检索,https://www.google.com/search?q=site%3Aseventeen-17.jp%20MINGYU%202025,定向官方域名查漏,published
2025 S.COUPS X MINGYU｜官方/公开视频检索入口,,小分队,YouTube,S.COUPS X MINGYU,检索入口,平台检索,https://www.youtube.com/results?search_query=SEVENTEEN%20S.COUPS%20X%20MINGYU%202025,用于继续逐条查漏；非单条物料直链,published
2025 MINGYU vlog｜官方/公开视频检索入口,,Vlog,YouTube,MINGYU,检索入口,平台检索,https://www.youtube.com/results?search_query=SEVENTEEN%20MINGYU%20vlog%202025,用于继续逐条查漏；非单条物料直链,published
2025 MINGYU magazine behind｜官方/公开视频检索入口,,杂志画报,YouTube,MINGYU,检索入口,平台检索,https://www.youtube.com/results?search_query=SEVENTEEN%20MINGYU%20magazine%20behind%202025,用于继续逐条查漏；非单条物料直链,published
2025 MINGYU interview｜官方/公开视频检索入口,,采访,YouTube,MINGYU,检索入口,平台检索,https://www.youtube.com/results?search_query=SEVENTEEN%20MINGYU%20interview%202025,用于继续逐条查漏；非单条物料直链,published
2025 MINGYU fancam｜官方/公开视频检索入口,,打歌舞台,YouTube,MINGYU,检索入口,平台检索,https://www.youtube.com/results?search_query=SEVENTEEN%20MINGYU%20fancam%202025,用于继续逐条查漏；非单条物料直链,published
2025 MINGYU birthday｜官方/公开视频检索入口,,生日内容,YouTube,MINGYU,检索入口,平台检索,https://www.youtube.com/results?search_query=SEVENTEEN%20MINGYU%20birthday%202025,用于继续逐条查漏；非单条物料直链,published
2025 MINGYU Nana bnb｜官方/公开视频检索入口,,综艺,YouTube,MINGYU,检索入口,平台检索,https://www.youtube.com/results?search_query=SEVENTEEN%20MINGYU%20Nana%20bnb%202025,用于继续逐条查漏；非单条物料直链,published
2025 MINGYU Nana Tour｜官方/公开视频检索入口,,综艺,YouTube,MINGYU,检索入口,平台检索,https://www.youtube.com/results?search_query=SEVENTEEN%20MINGYU%20Nana%20Tour%202025,用于继续逐条查漏；非单条物料直链,published
2025 MINGYU Master Key｜官方/公开视频检索入口,,综艺,YouTube,MINGYU,检索入口,平台检索,https://www.youtube.com/results?search_query=SEVENTEEN%20MINGYU%20Master%20Key%202025,用于继续逐条查漏；非单条物料直链,published
2025 MINGYU Jungle Law｜官方/公开视频检索入口,,综艺,YouTube,MINGYU,检索入口,平台检索,https://www.youtube.com/results?search_query=SEVENTEEN%20MINGYU%20Jungle%20Law%202025,用于继续逐条查漏；非单条物料直链,published
2025 MINGYU Inkigayo MC｜官方/公开视频检索入口,,主持,YouTube,MINGYU,检索入口,平台检索,https://www.youtube.com/results?search_query=SEVENTEEN%20MINGYU%20Inkigayo%20MC%202025,用于继续逐条查漏；非单条物料直链,published
2025 MINGYU In the SOOP｜官方/公开视频检索入口,,综艺,YouTube,MINGYU,检索入口,平台检索,https://www.youtube.com/results?search_query=SEVENTEEN%20MINGYU%20In%20the%20SOOP%202025,用于继续逐条查漏；非单条物料直链,published
2025 MINGYU FOCUS｜官方/公开视频检索入口,,打歌舞台,YouTube,MINGYU,检索入口,平台检索,https://www.youtube.com/results?search_query=SEVENTEEN%20MINGYU%20FOCUS%202025,用于继续逐条查漏；非单条物料直链,published
2025 MINGYU Bittersweet｜官方/公开视频检索入口,,音乐/MV,YouTube,WONWOO X MINGYU,检索入口,平台检索,https://www.youtube.com/results?search_query=SEVENTEEN%20MINGYU%20Bittersweet%202025,用于继续逐条查漏；非单条物料直链,published
2025 MINGYU Battle Trip｜官方/公开视频检索入口,,综艺,YouTube,MINGYU,检索入口,平台检索,https://www.youtube.com/results?search_query=SEVENTEEN%20MINGYU%20Battle%20Trip%202025,用于继续逐条查漏；非单条物料直链,published
2025 INSIDE SEVENTEEN MINGYU｜官方/公开视频检索入口,,幕后,YouTube,MINGYU,检索入口,平台检索,https://www.youtube.com/results?search_query=SEVENTEEN%20INSIDE%20SEVENTEEN%20MINGYU%202025,用于继续逐条查漏；非单条物料直链,published
2025 GOING SEVENTEEN｜官方/公开视频检索入口,,综艺,YouTube,SEVENTEEN,检索入口,平台检索,https://www.youtube.com/results?search_query=SEVENTEEN%20GOING%20SEVENTEEN%202025,用于继续逐条查漏；非单条物料直链,published
"10 years in, it’s time for NANA bnb with SEVENTEEN",,采访,Weverse Magazine,团体,中,官方直链,https://magazine.weverse.io/article/view/1473?lang=zh-cn,NANA bnb专题,published
anan No.2411,,杂志画报,anan,个人/小组,高,资料检索入口,https://www.google.com/search?q=anan+No.2411+MINGYU+SEVENTEEN+anan,个人封面/约24页,published
The subunits that make up SEVENTEEN’s groups-within-a-group,,采访,Weverse Magazine,团体/小分队,中,官方直链,https://magazine.weverse.io/article/view/1100?lang=en,含Hip Hop Team及MINGYU混合小分队,published
Dior Fashion Show / Vogue Show Diary,,品牌时尚,Dior / Vogue,个人,极高,媒体原文直链,https://www.vogue.com/slideshow/seventeen-mingyu-dior-fall-2024-show-diary,时装周,published
Calvin Klein Campaign,,品牌时尚,Calvin Klein,个人,极高,品牌官方直链,https://www.calvinklein.us/en/mingyu/discover-the-collection,品牌广告,published
Arena Homme+,,杂志画报,Arena Homme+,个人/小组,高,资料检索入口,https://www.google.com/search?q=Arena+Homme%2B+MINGYU+SEVENTEEN+Arena+Homme%2B,个人采访/画报,published
2024 Weverse Magazine MINGYU｜定向检索入口,,采访,magazine.weverse.io,MINGYU,检索入口,站内定向检索,https://www.google.com/search?q=site%3Amagazine.weverse.io%20MINGYU%20SEVENTEEN%202024,定向官方域名查漏,published
2024 Weverse MINGYU｜定向检索入口,,直播,weverse.io,MINGYU,检索入口,站内定向检索,https://www.google.com/search?q=site%3Aweverse.io/seventeen%20MINGYU%202024,定向官方域名查漏,published
2024 SEVENTEEN Japan MINGYU｜定向检索入口,,日本物料,seventeen-17.jp,MINGYU,检索入口,站内定向检索,https://www.google.com/search?q=site%3Aseventeen-17.jp%20MINGYU%202024,定向官方域名查漏,published
2024 S.COUPS X MINGYU｜官方/公开视频检索入口,,小分队,YouTube,S.COUPS X MINGYU,检索入口,平台检索,https://www.youtube.com/results?search_query=SEVENTEEN%20S.COUPS%20X%20MINGYU%202024,用于继续逐条查漏；非单条物料直链,published
2024 MINGYU vlog｜官方/公开视频检索入口,,Vlog,YouTube,MINGYU,检索入口,平台检索,https://www.youtube.com/results?search_query=SEVENTEEN%20MINGYU%20vlog%202024,用于继续逐条查漏；非单条物料直链,published
2024 MINGYU magazine behind｜官方/公开视频检索入口,,杂志画报,YouTube,MINGYU,检索入口,平台检索,https://www.youtube.com/results?search_query=SEVENTEEN%20MINGYU%20magazine%20behind%202024,用于继续逐条查漏；非单条物料直链,published
2024 MINGYU interview｜官方/公开视频检索入口,,采访,YouTube,MINGYU,检索入口,平台检索,https://www.youtube.com/results?search_query=SEVENTEEN%20MINGYU%20interview%202024,用于继续逐条查漏；非单条物料直链,published
2024 MINGYU fancam｜官方/公开视频检索入口,,打歌舞台,YouTube,MINGYU,检索入口,平台检索,https://www.youtube.com/results?search_query=SEVENTEEN%20MINGYU%20fancam%202024,用于继续逐条查漏；非单条物料直链,published
2024 MINGYU birthday｜官方/公开视频检索入口,,生日内容,YouTube,MINGYU,检索入口,平台检索,https://www.youtube.com/results?search_query=SEVENTEEN%20MINGYU%20birthday%202024,用于继续逐条查漏；非单条物料直链,published
2024 MINGYU Nana bnb｜官方/公开视频检索入口,,综艺,YouTube,MINGYU,检索入口,平台检索,https://www.youtube.com/results?search_query=SEVENTEEN%20MINGYU%20Nana%20bnb%202024,用于继续逐条查漏；非单条物料直链,published
2024 MINGYU Nana Tour｜官方/公开视频检索入口,,综艺,YouTube,MINGYU,检索入口,平台检索,https://www.youtube.com/results?search_query=SEVENTEEN%20MINGYU%20Nana%20Tour%202024,用于继续逐条查漏；非单条物料直链,published
2024 MINGYU Master Key｜官方/公开视频检索入口,,综艺,YouTube,MINGYU,检索入口,平台检索,https://www.youtube.com/results?search_query=SEVENTEEN%20MINGYU%20Master%20Key%202024,用于继续逐条查漏；非单条物料直链,published
2024 MINGYU Jungle Law｜官方/公开视频检索入口,,综艺,YouTube,MINGYU,检索入口,平台检索,https://www.youtube.com/results?search_query=SEVENTEEN%20MINGYU%20Jungle%20Law%202024,用于继续逐条查漏；非单条物料直链,published
2024 MINGYU Inkigayo MC｜官方/公开视频检索入口,,主持,YouTube,MINGYU,检索入口,平台检索,https://www.youtube.com/results?search_query=SEVENTEEN%20MINGYU%20Inkigayo%20MC%202024,用于继续逐条查漏；非单条物料直链,published
2024 MINGYU In the SOOP｜官方/公开视频检索入口,,综艺,YouTube,MINGYU,检索入口,平台检索,https://www.youtube.com/results?search_query=SEVENTEEN%20MINGYU%20In%20the%20SOOP%202024,用于继续逐条查漏；非单条物料直链,published
2024 MINGYU FOCUS｜官方/公开视频检索入口,,打歌舞台,YouTube,MINGYU,检索入口,平台检索,https://www.youtube.com/results?search_query=SEVENTEEN%20MINGYU%20FOCUS%202024,用于继续逐条查漏；非单条物料直链,published
2024 MINGYU Bittersweet｜官方/公开视频检索入口,,音乐/MV,YouTube,WONWOO X MINGYU,检索入口,平台检索,https://www.youtube.com/results?search_query=SEVENTEEN%20MINGYU%20Bittersweet%202024,用于继续逐条查漏；非单条物料直链,published
2024 MINGYU Battle Trip｜官方/公开视频检索入口,,综艺,YouTube,MINGYU,检索入口,平台检索,https://www.youtube.com/results?search_query=SEVENTEEN%20MINGYU%20Battle%20Trip%202024,用于继续逐条查漏；非单条物料直链,published
2024 INSIDE SEVENTEEN MINGYU｜官方/公开视频检索入口,,幕后,YouTube,MINGYU,检索入口,平台检索,https://www.youtube.com/results?search_query=SEVENTEEN%20INSIDE%20SEVENTEEN%20MINGYU%202024,用于继续逐条查漏；非单条物料直链,published
2024 GOING SEVENTEEN｜官方/公开视频检索入口,,综艺,YouTube,SEVENTEEN,检索入口,平台检索,https://www.youtube.com/results?search_query=SEVENTEEN%20GOING%20SEVENTEEN%202024,用于继续逐条查漏；非单条物料直链,published
SEVENTEEN TOUR ‘FOLLOW’ TO SEOUL #MINGYU,,演唱会,Weverse,个人,极高,官方直链,https://weverse.io/seventeen/media/0-121518881,,published
SEVENTEEN TOUR [FOLLOW] TO SEOUL (MINGYU focus),,演唱会,Weverse,个人Focus,极高,官方直链,https://weverse.io/seventeen/media/3-168756805,官方个人Focus,published
NANA TOUR with SEVENTEEN,,综艺,tvN / Weverse,团体固定,中-高,官方平台检索入口,https://www.youtube.com/results?search_query=NANA+TOUR+with+SEVENTEEN+SEVENTEEN+official,珉奎参与；建议按集拆分继续补录,published
Cosmopolitan Korea,,杂志画报,Cosmopolitan Korea,个人/小组,高,资料检索入口,https://www.google.com/search?q=Cosmopolitan+Korea+MINGYU+SEVENTEEN+Cosmopolitan+Korea,个人画报,published
2023 Weverse Magazine MINGYU｜定向检索入口,,采访,magazine.weverse.io,MINGYU,检索入口,站内定向检索,https://www.google.com/search?q=site%3Amagazine.weverse.io%20MINGYU%20SEVENTEEN%202023,定向官方域名查漏,published
2023 Weverse MINGYU｜定向检索入口,,直播,weverse.io,MINGYU,检索入口,站内定向检索,https://www.google.com/search?q=site%3Aweverse.io/seventeen%20MINGYU%202023,定向官方域名查漏,published
2023 SEVENTEEN Japan MINGYU｜定向检索入口,,日本物料,seventeen-17.jp,MINGYU,检索入口,站内定向检索,https://www.google.com/search?q=site%3Aseventeen-17.jp%20MINGYU%202023,定向官方域名查漏,published
2023 S.COUPS X MINGYU｜官方/公开视频检索入口,,小分队,YouTube,S.COUPS X MINGYU,检索入口,平台检索,https://www.youtube.com/results?search_query=SEVENTEEN%20S.COUPS%20X%20MINGYU%202023,用于继续逐条查漏；非单条物料直链,published
2023 MINGYU vlog｜官方/公开视频检索入口,,Vlog,YouTube,MINGYU,检索入口,平台检索,https://www.youtube.com/results?search_query=SEVENTEEN%20MINGYU%20vlog%202023,用于继续逐条查漏；非单条物料直链,published
2023 MINGYU magazine behind｜官方/公开视频检索入口,,杂志画报,YouTube,MINGYU,检索入口,平台检索,https://www.youtube.com/results?search_query=SEVENTEEN%20MINGYU%20magazine%20behind%202023,用于继续逐条查漏；非单条物料直链,published
2023 MINGYU interview｜官方/公开视频检索入口,,采访,YouTube,MINGYU,检索入口,平台检索,https://www.youtube.com/results?search_query=SEVENTEEN%20MINGYU%20interview%202023,用于继续逐条查漏；非单条物料直链,published
2023 MINGYU fancam｜官方/公开视频检索入口,,打歌舞台,YouTube,MINGYU,检索入口,平台检索,https://www.youtube.com/results?search_query=SEVENTEEN%20MINGYU%20fancam%202023,用于继续逐条查漏；非单条物料直链,published
2023 MINGYU birthday｜官方/公开视频检索入口,,生日内容,YouTube,MINGYU,检索入口,平台检索,https://www.youtube.com/results?search_query=SEVENTEEN%20MINGYU%20birthday%202023,用于继续逐条查漏；非单条物料直链,published
2023 MINGYU Nana bnb｜官方/公开视频检索入口,,综艺,YouTube,MINGYU,检索入口,平台检索,https://www.youtube.com/results?search_query=SEVENTEEN%20MINGYU%20Nana%20bnb%202023,用于继续逐条查漏；非单条物料直链,published
2023 MINGYU Nana Tour｜官方/公开视频检索入口,,综艺,YouTube,MINGYU,检索入口,平台检索,https://www.youtube.com/results?search_query=SEVENTEEN%20MINGYU%20Nana%20Tour%202023,用于继续逐条查漏；非单条物料直链,published
2023 MINGYU Master Key｜官方/公开视频检索入口,,综艺,YouTube,MINGYU,检索入口,平台检索,https://www.youtube.com/results?search_query=SEVENTEEN%20MINGYU%20Master%20Key%202023,用于继续逐条查漏；非单条物料直链,published
2023 MINGYU Jungle Law｜官方/公开视频检索入口,,综艺,YouTube,MINGYU,检索入口,平台检索,https://www.youtube.com/results?search_query=SEVENTEEN%20MINGYU%20Jungle%20Law%202023,用于继续逐条查漏；非单条物料直链,published
2023 MINGYU Inkigayo MC｜官方/公开视频检索入口,,主持,YouTube,MINGYU,检索入口,平台检索,https://www.youtube.com/results?search_query=SEVENTEEN%20MINGYU%20Inkigayo%20MC%202023,用于继续逐条查漏；非单条物料直链,published
2023 MINGYU In the SOOP｜官方/公开视频检索入口,,综艺,YouTube,MINGYU,检索入口,平台检索,https://www.youtube.com/results?search_query=SEVENTEEN%20MINGYU%20In%20the%20SOOP%202023,用于继续逐条查漏；非单条物料直链,published
2023 MINGYU FOCUS｜官方/公开视频检索入口,,打歌舞台,YouTube,MINGYU,检索入口,平台检索,https://www.youtube.com/results?search_query=SEVENTEEN%20MINGYU%20FOCUS%202023,用于继续逐条查漏；非单条物料直链,published
2023 MINGYU Bittersweet｜官方/公开视频检索入口,,音乐/MV,YouTube,WONWOO X MINGYU,检索入口,平台检索,https://www.youtube.com/results?search_query=SEVENTEEN%20MINGYU%20Bittersweet%202023,用于继续逐条查漏；非单条物料直链,published
2023 MINGYU Battle Trip｜官方/公开视频检索入口,,综艺,YouTube,MINGYU,检索入口,平台检索,https://www.youtube.com/results?search_query=SEVENTEEN%20MINGYU%20Battle%20Trip%202023,用于继续逐条查漏；非单条物料直链,published
2023 INSIDE SEVENTEEN MINGYU｜官方/公开视频检索入口,,幕后,YouTube,MINGYU,检索入口,平台检索,https://www.youtube.com/results?search_query=SEVENTEEN%20INSIDE%20SEVENTEEN%20MINGYU%202023,用于继续逐条查漏；非单条物料直链,published
2023 GOING SEVENTEEN｜官方/公开视频检索入口,,综艺,YouTube,SEVENTEEN,检索入口,平台检索,https://www.youtube.com/results?search_query=SEVENTEEN%20GOING%20SEVENTEEN%202023,用于继续逐条查漏；非单条物料直链,published
Arena Homme+,,杂志画报,Arena Homme+,个人/小组,高,资料检索入口,https://www.google.com/search?q=Arena+Homme%2B+MINGYU+SEVENTEEN+Arena+Homme%2B,个人画报,published
Amazing Saturday EP.212,,综艺,tvN,嘉宾,高,官方平台检索入口,https://www.youtube.com/results?search_query=tvN+Amazing+Saturday+EP.212+MINGYU+SEVENTEEN+official,与Seungkwan、DK,published
2022 Weverse Magazine MINGYU｜定向检索入口,,采访,magazine.weverse.io,MINGYU,检索入口,站内定向检索,https://www.google.com/search?q=site%3Amagazine.weverse.io%20MINGYU%20SEVENTEEN%202022,定向官方域名查漏,published
2022 Weverse MINGYU｜定向检索入口,,直播,weverse.io,MINGYU,检索入口,站内定向检索,https://www.google.com/search?q=site%3Aweverse.io/seventeen%20MINGYU%202022,定向官方域名查漏,published
2022 SEVENTEEN Japan MINGYU｜定向检索入口,,日本物料,seventeen-17.jp,MINGYU,检索入口,站内定向检索,https://www.google.com/search?q=site%3Aseventeen-17.jp%20MINGYU%202022,定向官方域名查漏,published
2022 S.COUPS X MINGYU｜官方/公开视频检索入口,,小分队,YouTube,S.COUPS X MINGYU,检索入口,平台检索,https://www.youtube.com/results?search_query=SEVENTEEN%20S.COUPS%20X%20MINGYU%202022,用于继续逐条查漏；非单条物料直链,published
2022 MINGYU vlog｜官方/公开视频检索入口,,Vlog,YouTube,MINGYU,检索入口,平台检索,https://www.youtube.com/results?search_query=SEVENTEEN%20MINGYU%20vlog%202022,用于继续逐条查漏；非单条物料直链,published
2022 MINGYU magazine behind｜官方/公开视频检索入口,,杂志画报,YouTube,MINGYU,检索入口,平台检索,https://www.youtube.com/results?search_query=SEVENTEEN%20MINGYU%20magazine%20behind%202022,用于继续逐条查漏；非单条物料直链,published
2022 MINGYU interview｜官方/公开视频检索入口,,采访,YouTube,MINGYU,检索入口,平台检索,https://www.youtube.com/results?search_query=SEVENTEEN%20MINGYU%20interview%202022,用于继续逐条查漏；非单条物料直链,published
2022 MINGYU fancam｜官方/公开视频检索入口,,打歌舞台,YouTube,MINGYU,检索入口,平台检索,https://www.youtube.com/results?search_query=SEVENTEEN%20MINGYU%20fancam%202022,用于继续逐条查漏；非单条物料直链,published
2022 MINGYU birthday｜官方/公开视频检索入口,,生日内容,YouTube,MINGYU,检索入口,平台检索,https://www.youtube.com/results?search_query=SEVENTEEN%20MINGYU%20birthday%202022,用于继续逐条查漏；非单条物料直链,published
2022 MINGYU Nana bnb｜官方/公开视频检索入口,,综艺,YouTube,MINGYU,检索入口,平台检索,https://www.youtube.com/results?search_query=SEVENTEEN%20MINGYU%20Nana%20bnb%202022,用于继续逐条查漏；非单条物料直链,published
2022 MINGYU Nana Tour｜官方/公开视频检索入口,,综艺,YouTube,MINGYU,检索入口,平台检索,https://www.youtube.com/results?search_query=SEVENTEEN%20MINGYU%20Nana%20Tour%202022,用于继续逐条查漏；非单条物料直链,published
2022 MINGYU Master Key｜官方/公开视频检索入口,,综艺,YouTube,MINGYU,检索入口,平台检索,https://www.youtube.com/results?search_query=SEVENTEEN%20MINGYU%20Master%20Key%202022,用于继续逐条查漏；非单条物料直链,published
2022 MINGYU Jungle Law｜官方/公开视频检索入口,,综艺,YouTube,MINGYU,检索入口,平台检索,https://www.youtube.com/results?search_query=SEVENTEEN%20MINGYU%20Jungle%20Law%202022,用于继续逐条查漏；非单条物料直链,published
2022 MINGYU Inkigayo MC｜官方/公开视频检索入口,,主持,YouTube,MINGYU,检索入口,平台检索,https://www.youtube.com/results?search_query=SEVENTEEN%20MINGYU%20Inkigayo%20MC%202022,用于继续逐条查漏；非单条物料直链,published
2022 MINGYU In the SOOP｜官方/公开视频检索入口,,综艺,YouTube,MINGYU,检索入口,平台检索,https://www.youtube.com/results?search_query=SEVENTEEN%20MINGYU%20In%20the%20SOOP%202022,用于继续逐条查漏；非单条物料直链,published
2022 MINGYU FOCUS｜官方/公开视频检索入口,,打歌舞台,YouTube,MINGYU,检索入口,平台检索,https://www.youtube.com/results?search_query=SEVENTEEN%20MINGYU%20FOCUS%202022,用于继续逐条查漏；非单条物料直链,published
2022 MINGYU Bittersweet｜官方/公开视频检索入口,,音乐/MV,YouTube,WONWOO X MINGYU,检索入口,平台检索,https://www.youtube.com/results?search_query=SEVENTEEN%20MINGYU%20Bittersweet%202022,用于继续逐条查漏；非单条物料直链,published
2022 MINGYU Battle Trip｜官方/公开视频检索入口,,综艺,YouTube,MINGYU,检索入口,平台检索,https://www.youtube.com/results?search_query=SEVENTEEN%20MINGYU%20Battle%20Trip%202022,用于继续逐条查漏；非单条物料直链,published
2022 INSIDE SEVENTEEN MINGYU｜官方/公开视频检索入口,,幕后,YouTube,MINGYU,检索入口,平台检索,https://www.youtube.com/results?search_query=SEVENTEEN%20INSIDE%20SEVENTEEN%20MINGYU%202022,用于继续逐条查漏；非单条物料直链,published
2022 GOING SEVENTEEN｜官方/公开视频检索入口,,综艺,YouTube,SEVENTEEN,检索入口,平台检索,https://www.youtube.com/results?search_query=SEVENTEEN%20GOING%20SEVENTEEN%202022,用于继续逐条查漏；非单条物料直链,published
MINGYU: I want to make every moment of my life more meaningful,,采访,Weverse Magazine,个人,极高,官方直链,https://magazine.weverse.io/article/view/193?artist=SEVENTEEN&lang=en,Your Choice 回归采访,published
[SPECIAL VIDEO] WONWOO X MINGYU - Bittersweet,2021-05-29,音乐/MV,SEVENTEEN YouTube,双人小分队,极高,官方直链,https://www.youtube.com/watch?v=FwwAt2-r8-Q,,published
WONWOO X MINGYU 'Bittersweet (feat. LeeHi)' Official MV,2021-05-28,音乐/MV,SEVENTEEN,双人小分队,极高,官方直链,https://weverse.io/seventeen/media/1-105470613,,published
[SSSS CAM] Rock with you (MINGYU) @Comeback Show,,打歌舞台,Weverse,个人Focus,极高,官方直链,https://weverse.io/seventeen/media/0-105456798,,published
[SSSS CAM] Rock with you (MINGYU) @Comeback Show,,打歌舞台,Weverse,个人Focus,极高,官方直链,https://weverse.io/seventeen/media/0-105456798,官方个人Focus,published
[INSIDE SEVENTEEN] MINGYU 1st Look Photo Shoot BEHIND,,杂志画报,Weverse,个人,极高,官方直链,https://weverse.io/seventeen/media/2-10251170,1st Look,published
SVT makes SVT,,采访,Weverse Magazine,团体/珉奎重点,高,官方直链,https://magazine.weverse.io/article/view/256?lang=en,含GOING Magazine摄影/主编信息,published
MINGYU: I want to make every moment of my life more meaningful,,采访,Weverse Magazine,个人,极高,官方直链,https://magazine.weverse.io/article/view/193,Your Choice comeback interview,published
IN THE SOOP SEVENTEEN ver.,,综艺,Weverse,团体固定,中-高,官方平台检索入口,https://www.youtube.com/results?search_query=IN+THE+SOOP+SEVENTEEN+ver.+SEVENTEEN+official,珉奎参与；建议按集拆分继续补录,published
Harper's BAZAAR,,杂志画报,Harper's BAZAAR,个人/小组,高,资料检索入口,https://www.google.com/search?q=Harper%27s+BAZAAR+MINGYU+SEVENTEEN+Harper%27s+BAZAAR,画报,published
GQ Korea,,杂志画报,GQ Korea,个人/小组,高,资料检索入口,https://www.google.com/search?q=GQ+Korea+MINGYU+SEVENTEEN+GQ+Korea,画报,published
GINGER,,杂志画报,GINGER,个人/小组,高,资料检索入口,https://www.google.com/search?q=GINGER+MINGYU+SEVENTEEN+GINGER,与Jeonghan、Hoshi,published
Amazing Saturday EP.182,,综艺,tvN,嘉宾,高,官方平台检索入口,https://www.youtube.com/results?search_query=tvN+Amazing+Saturday+EP.182+MINGYU+SEVENTEEN+official,与Seungkwan,published
<Bittersweet> Making Film #MINGYU,,音乐/MV,Weverse,个人重点,极高,官方直链,https://weverse.io/seventeen/media/1-8824447,,published
<Bittersweet> Main Poster #WONWOO X #MINGYU,,音乐/MV,Weverse,双人小分队,极高,官方直链,https://weverse.io/seventeen/media/1-13588,,published
2021 Weverse Magazine MINGYU｜定向检索入口,,采访,magazine.weverse.io,MINGYU,检索入口,站内定向检索,https://www.google.com/search?q=site%3Amagazine.weverse.io%20MINGYU%20SEVENTEEN%202021,定向官方域名查漏,published
2021 Weverse MINGYU｜定向检索入口,,直播,weverse.io,MINGYU,检索入口,站内定向检索,https://www.google.com/search?q=site%3Aweverse.io/seventeen%20MINGYU%202021,定向官方域名查漏,published
2021 SEVENTEEN Japan MINGYU｜定向检索入口,,日本物料,seventeen-17.jp,MINGYU,检索入口,站内定向检索,https://www.google.com/search?q=site%3Aseventeen-17.jp%20MINGYU%202021,定向官方域名查漏,published
2021 S.COUPS X MINGYU｜官方/公开视频检索入口,,小分队,YouTube,S.COUPS X MINGYU,检索入口,平台检索,https://www.youtube.com/results?search_query=SEVENTEEN%20S.COUPS%20X%20MINGYU%202021,用于继续逐条查漏；非单条物料直链,published
2021 MINGYU vlog｜官方/公开视频检索入口,,Vlog,YouTube,MINGYU,检索入口,平台检索,https://www.youtube.com/results?search_query=SEVENTEEN%20MINGYU%20vlog%202021,用于继续逐条查漏；非单条物料直链,published
2021 MINGYU magazine behind｜官方/公开视频检索入口,,杂志画报,YouTube,MINGYU,检索入口,平台检索,https://www.youtube.com/results?search_query=SEVENTEEN%20MINGYU%20magazine%20behind%202021,用于继续逐条查漏；非单条物料直链,published
2021 MINGYU interview｜官方/公开视频检索入口,,采访,YouTube,MINGYU,检索入口,平台检索,https://www.youtube.com/results?search_query=SEVENTEEN%20MINGYU%20interview%202021,用于继续逐条查漏；非单条物料直链,published
2021 MINGYU fancam｜官方/公开视频检索入口,,打歌舞台,YouTube,MINGYU,检索入口,平台检索,https://www.youtube.com/results?search_query=SEVENTEEN%20MINGYU%20fancam%202021,用于继续逐条查漏；非单条物料直链,published
2021 MINGYU birthday｜官方/公开视频检索入口,,生日内容,YouTube,MINGYU,检索入口,平台检索,https://www.youtube.com/results?search_query=SEVENTEEN%20MINGYU%20birthday%202021,用于继续逐条查漏；非单条物料直链,published
2021 MINGYU Nana bnb｜官方/公开视频检索入口,,综艺,YouTube,MINGYU,检索入口,平台检索,https://www.youtube.com/results?search_query=SEVENTEEN%20MINGYU%20Nana%20bnb%202021,用于继续逐条查漏；非单条物料直链,published
2021 MINGYU Nana Tour｜官方/公开视频检索入口,,综艺,YouTube,MINGYU,检索入口,平台检索,https://www.youtube.com/results?search_query=SEVENTEEN%20MINGYU%20Nana%20Tour%202021,用于继续逐条查漏；非单条物料直链,published
2021 MINGYU Master Key｜官方/公开视频检索入口,,综艺,YouTube,MINGYU,检索入口,平台检索,https://www.youtube.com/results?search_query=SEVENTEEN%20MINGYU%20Master%20Key%202021,用于继续逐条查漏；非单条物料直链,published
2021 MINGYU Jungle Law｜官方/公开视频检索入口,,综艺,YouTube,MINGYU,检索入口,平台检索,https://www.youtube.com/results?search_query=SEVENTEEN%20MINGYU%20Jungle%20Law%202021,用于继续逐条查漏；非单条物料直链,published
2021 MINGYU Inkigayo MC｜官方/公开视频检索入口,,主持,YouTube,MINGYU,检索入口,平台检索,https://www.youtube.com/results?search_query=SEVENTEEN%20MINGYU%20Inkigayo%20MC%202021,用于继续逐条查漏；非单条物料直链,published
2021 MINGYU In the SOOP｜官方/公开视频检索入口,,综艺,YouTube,MINGYU,检索入口,平台检索,https://www.youtube.com/results?search_query=SEVENTEEN%20MINGYU%20In%20the%20SOOP%202021,用于继续逐条查漏；非单条物料直链,published
2021 MINGYU FOCUS｜官方/公开视频检索入口,,打歌舞台,YouTube,MINGYU,检索入口,平台检索,https://www.youtube.com/results?search_query=SEVENTEEN%20MINGYU%20FOCUS%202021,用于继续逐条查漏；非单条物料直链,published
2021 MINGYU Bittersweet｜官方/公开视频检索入口,,音乐/MV,YouTube,WONWOO X MINGYU,检索入口,平台检索,https://www.youtube.com/results?search_query=SEVENTEEN%20MINGYU%20Bittersweet%202021,用于继续逐条查漏；非单条物料直链,published
2021 MINGYU Battle Trip｜官方/公开视频检索入口,,综艺,YouTube,MINGYU,检索入口,平台检索,https://www.youtube.com/results?search_query=SEVENTEEN%20MINGYU%20Battle%20Trip%202021,用于继续逐条查漏；非单条物料直链,published
2021 INSIDE SEVENTEEN MINGYU｜官方/公开视频检索入口,,幕后,YouTube,MINGYU,检索入口,平台检索,https://www.youtube.com/results?search_query=SEVENTEEN%20INSIDE%20SEVENTEEN%20MINGYU%202021,用于继续逐条查漏；非单条物料直链,published
2021 GOING SEVENTEEN｜官方/公开视频检索入口,,综艺,YouTube,SEVENTEEN,检索入口,平台检索,https://www.youtube.com/results?search_query=SEVENTEEN%20GOING%20SEVENTEEN%202021,用于继续逐条查漏；非单条物料直链,published
1st Look Vol.225,,杂志画报,1st Look,个人/小组,高,资料检索入口,https://www.google.com/search?q=1st+Look+Vol.225+MINGYU+SEVENTEEN+1st+Look,画报,published
[17’S MINGYU] 캐럿랜드의 자랑거리,,个人影像,Weverse,个人,极高,官方直链,https://weverse.io/seventeen/media/1-105470455,17’S MINGYU,published
GOING SEVENTEEN 2020 EP.46 GOING #1,,采访,YouTube,团体/珉奎主持,高,官方直链,https://www.youtube.com/watch?v=tS9Fp77VtAE,MINGYU主持，GOING Magazine企划,published
<SEVENTEEN in CARAT LAND> Mingyu FaceCam,,打歌舞台,Weverse,个人FaceCam,极高,官方直链,https://weverse.io/seventeen/media/2-18580129,官方FaceCam,published
문명특급 개명 고민 영상,2020-12-05,综艺,MMTG,个人/小组,高,平台检索入口,https://www.youtube.com/results?search_query=%EB%AC%B8%EB%AA%85%ED%8A%B9%EA%B8%89+%EA%B0%9C%EB%AA%85+%EA%B3%A0%EB%AF%BC+%EC%98%81%EC%83%81+MINGYU,团体,published
문명특급 / 세븐틴 부교수와 재교수가 찾아간다,2020-12-03,综艺,MMTG,个人/小组,高,平台检索入口,https://www.youtube.com/results?search_query=%EB%AC%B8%EB%AA%85%ED%8A%B9%EA%B8%89+%2F+%EC%84%B8%EB%B8%90%ED%8B%B4+%EB%B6%80%EA%B5%90%EC%88%98%EC%99%80+%EC%9E%AC%EA%B5%90%EC%88%98%EA%B0%80+%EC%B0%BE%EC%95%84%EA%B0%84%EB%8B%A4+MINGYU,团体,published
[MONOTUBE] 같이 놀자 세븐틴 #3,2020-01-06,综艺,MONOTUBE,个人/小组,高,平台检索入口,https://www.youtube.com/results?search_query=%5BMONOTUBE%5D+%EA%B0%99%EC%9D%B4+%EB%86%80%EC%9E%90+%EC%84%B8%EB%B8%90%ED%8B%B4+%233+MINGYU,与THE 8、Vernon,published
Running Man EP.529,,综艺,SBS,嘉宾,高,官方平台检索入口,https://www.youtube.com/results?search_query=SBS+Running+Man+EP.529+MINGYU+SEVENTEEN+official,与Hoshi,published
Running Man EP.502,,综艺,SBS,嘉宾,高,官方平台检索入口,https://www.youtube.com/results?search_query=SBS+Running+Man+EP.502+MINGYU+SEVENTEEN+official,嘉宾,published
IF SEVENTEEN,,团综,SEVENTEEN,团体固定,中-高,官方平台检索入口,https://www.youtube.com/results?search_query=IF+SEVENTEEN+SEVENTEEN+official,珉奎参与；建议按集拆分继续补录,published
2020 Weverse Magazine MINGYU｜定向检索入口,,采访,magazine.weverse.io,MINGYU,检索入口,站内定向检索,https://www.google.com/search?q=site%3Amagazine.weverse.io%20MINGYU%20SEVENTEEN%202020,定向官方域名查漏,published
2020 Weverse MINGYU｜定向检索入口,,直播,weverse.io,MINGYU,检索入口,站内定向检索,https://www.google.com/search?q=site%3Aweverse.io/seventeen%20MINGYU%202020,定向官方域名查漏,published
2020 SEVENTEEN Japan MINGYU｜定向检索入口,,日本物料,seventeen-17.jp,MINGYU,检索入口,站内定向检索,https://www.google.com/search?q=site%3Aseventeen-17.jp%20MINGYU%202020,定向官方域名查漏,published
2020 S.COUPS X MINGYU｜官方/公开视频检索入口,,小分队,YouTube,S.COUPS X MINGYU,检索入口,平台检索,https://www.youtube.com/results?search_query=SEVENTEEN%20S.COUPS%20X%20MINGYU%202020,用于继续逐条查漏；非单条物料直链,published
2020 MINGYU vlog｜官方/公开视频检索入口,,Vlog,YouTube,MINGYU,检索入口,平台检索,https://www.youtube.com/results?search_query=SEVENTEEN%20MINGYU%20vlog%202020,用于继续逐条查漏；非单条物料直链,published
2020 MINGYU magazine behind｜官方/公开视频检索入口,,杂志画报,YouTube,MINGYU,检索入口,平台检索,https://www.youtube.com/results?search_query=SEVENTEEN%20MINGYU%20magazine%20behind%202020,用于继续逐条查漏；非单条物料直链,published
2020 MINGYU interview｜官方/公开视频检索入口,,采访,YouTube,MINGYU,检索入口,平台检索,https://www.youtube.com/results?search_query=SEVENTEEN%20MINGYU%20interview%202020,用于继续逐条查漏；非单条物料直链,published
2020 MINGYU fancam｜官方/公开视频检索入口,,打歌舞台,YouTube,MINGYU,检索入口,平台检索,https://www.youtube.com/results?search_query=SEVENTEEN%20MINGYU%20fancam%202020,用于继续逐条查漏；非单条物料直链,published
2020 MINGYU birthday｜官方/公开视频检索入口,,生日内容,YouTube,MINGYU,检索入口,平台检索,https://www.youtube.com/results?search_query=SEVENTEEN%20MINGYU%20birthday%202020,用于继续逐条查漏；非单条物料直链,published
2020 MINGYU Nana bnb｜官方/公开视频检索入口,,综艺,YouTube,MINGYU,检索入口,平台检索,https://www.youtube.com/results?search_query=SEVENTEEN%20MINGYU%20Nana%20bnb%202020,用于继续逐条查漏；非单条物料直链,published
2020 MINGYU Nana Tour｜官方/公开视频检索入口,,综艺,YouTube,MINGYU,检索入口,平台检索,https://www.youtube.com/results?search_query=SEVENTEEN%20MINGYU%20Nana%20Tour%202020,用于继续逐条查漏；非单条物料直链,published
2020 MINGYU Master Key｜官方/公开视频检索入口,,综艺,YouTube,MINGYU,检索入口,平台检索,https://www.youtube.com/results?search_query=SEVENTEEN%20MINGYU%20Master%20Key%202020,用于继续逐条查漏；非单条物料直链,published
2020 MINGYU Jungle Law｜官方/公开视频检索入口,,综艺,YouTube,MINGYU,检索入口,平台检索,https://www.youtube.com/results?search_query=SEVENTEEN%20MINGYU%20Jungle%20Law%202020,用于继续逐条查漏；非单条物料直链,published
2020 MINGYU Inkigayo MC｜官方/公开视频检索入口,,主持,YouTube,MINGYU,检索入口,平台检索,https://www.youtube.com/results?search_query=SEVENTEEN%20MINGYU%20Inkigayo%20MC%202020,用于继续逐条查漏；非单条物料直链,published
2020 MINGYU In the SOOP｜官方/公开视频检索入口,,综艺,YouTube,MINGYU,检索入口,平台检索,https://www.youtube.com/results?search_query=SEVENTEEN%20MINGYU%20In%20the%20SOOP%202020,用于继续逐条查漏；非单条物料直链,published
2020 MINGYU FOCUS｜官方/公开视频检索入口,,打歌舞台,YouTube,MINGYU,检索入口,平台检索,https://www.youtube.com/results?search_query=SEVENTEEN%20MINGYU%20FOCUS%202020,用于继续逐条查漏；非单条物料直链,published
2020 MINGYU Bittersweet｜官方/公开视频检索入口,,音乐/MV,YouTube,WONWOO X MINGYU,检索入口,平台检索,https://www.youtube.com/results?search_query=SEVENTEEN%20MINGYU%20Bittersweet%202020,用于继续逐条查漏；非单条物料直链,published
2020 MINGYU Battle Trip｜官方/公开视频检索入口,,综艺,YouTube,MINGYU,检索入口,平台检索,https://www.youtube.com/results?search_query=SEVENTEEN%20MINGYU%20Battle%20Trip%202020,用于继续逐条查漏；非单条物料直链,published
2020 INSIDE SEVENTEEN MINGYU｜官方/公开视频检索入口,,幕后,YouTube,MINGYU,检索入口,平台检索,https://www.youtube.com/results?search_query=SEVENTEEN%20INSIDE%20SEVENTEEN%20MINGYU%202020,用于继续逐条查漏；非单条物料直链,published
2020 GOING SEVENTEEN｜官方/公开视频检索入口,,综艺,YouTube,SEVENTEEN,检索入口,平台检索,https://www.youtube.com/results?search_query=SEVENTEEN%20GOING%20SEVENTEEN%202020,用于继续逐条查漏；非单条物料直链,published
[MONOTUBE] 같이 놀자 세븐틴 #2,2019-12-30,综艺,MONOTUBE,个人/小组,高,平台检索入口,https://www.youtube.com/results?search_query=%5BMONOTUBE%5D+%EA%B0%99%EC%9D%B4+%EB%86%80%EC%9E%90+%EC%84%B8%EB%B8%90%ED%8B%B4+%232+MINGYU,与THE 8、Vernon,published
[MONOTUBE] 같이 놀자 세븐틴 #1,2019-12-23,综艺,MONOTUBE,个人/小组,高,平台检索入口,https://www.youtube.com/results?search_query=%5BMONOTUBE%5D+%EA%B0%99%EC%9D%B4+%EB%86%80%EC%9E%90+%EC%84%B8%EB%B8%90%ED%8B%B4+%231+MINGYU,与THE 8、Vernon,published
SEVENTEEN 멤버들은 서로를 얼마나 잘 알까? 추측인터뷰,2019-08-27,采访,YouTube,个人/小组,高,平台检索入口,https://www.youtube.com/results?search_query=SEVENTEEN+%EB%A9%A4%EB%B2%84%EB%93%A4%EC%9D%80+%EC%84%9C%EB%A1%9C%EB%A5%BC+%EC%96%BC%EB%A7%88%EB%82%98+%EC%9E%98+%EC%95%8C%EA%B9%8C%3F+%EC%B6%94%EC%B8%A1%EC%9D%B8%ED%84%B0%EB%B7%B0+MINGYU,团体部分,published
Mingyu solo mukbang,2019-05-14,直播,V LIVE（已停服）,直播,极高,补档检索入口,https://www.youtube.com/results?search_query=SEVENTEEN+MINGYU+Mingyu+solo+mukbang,个人,published
Mingyu solo mukbang #2,2019-05-12,直播,V LIVE（已停服）,直播,极高,补档检索入口,https://www.youtube.com/results?search_query=SEVENTEEN+MINGYU+Mingyu+solo+mukbang+%232,个人,published
Running Man EP.448,2019-04-21,综艺,SBS,嘉宾,高,官方平台检索入口,https://www.youtube.com/results?search_query=SBS+Running+Man+EP.448+MINGYU+SEVENTEEN+official,与Seungkwan,published
Baek Jong Won's Alley Restaurant EP.58,2019-03-20,综艺,SBS,嘉宾,高,官方平台检索入口,https://www.youtube.com/results?search_query=SBS+Baek+Jong+Won%27s+Alley+Restaurant+EP.58+MINGYU+SEVENTEEN+official,与Vernon,published
Inkigayo MC Special / 신고식,2019-02-22,主持,SBS,MC,极高,官方平台检索入口,https://www.youtube.com/results?search_query=Inkigayo+MC+Special+%2F+%EC%8B%A0%EA%B3%A0%EC%8B%9D+MINGYU+SEVENTEEN,,published
The Manager EP.42,,综艺,MBC,嘉宾,高,官方平台检索入口,https://www.youtube.com/results?search_query=MBC+The+Manager+EP.42+MINGYU+SEVENTEEN+official,与Seungkwan,published
Nephew TV in my hands,,综艺,tvN,嘉宾,高,官方平台检索入口,https://www.youtube.com/results?search_query=tvN+Nephew+TV+in+my+hands+MINGYU+SEVENTEEN+official,与Jeonghan,published
Happy Together,,综艺,KBS2,嘉宾,高,官方平台检索入口,https://www.youtube.com/results?search_query=KBS2+Happy+Together+MINGYU+SEVENTEEN+official,嘉宾,published
GOING SEVENTEEN 2019 EP.1,,综艺,Weverse,团体,中,官方直链,https://weverse.io/seventeen/media/0-105456687,官方可核验,published
DAZED Korea MINGYU,,杂志画报,DAZED Korea,个人/小组,高,资料检索入口,https://www.google.com/search?q=DAZED+Korea+MINGYU+MINGYU+SEVENTEEN+DAZED+Korea,个人画报/采访,published
2019 Weverse Magazine MINGYU｜定向检索入口,,采访,magazine.weverse.io,MINGYU,检索入口,站内定向检索,https://www.google.com/search?q=site%3Amagazine.weverse.io%20MINGYU%20SEVENTEEN%202019,定向官方域名查漏,published
2019 Weverse MINGYU｜定向检索入口,,直播,weverse.io,MINGYU,检索入口,站内定向检索,https://www.google.com/search?q=site%3Aweverse.io/seventeen%20MINGYU%202019,定向官方域名查漏,published
2019 SEVENTEEN Japan MINGYU｜定向检索入口,,日本物料,seventeen-17.jp,MINGYU,检索入口,站内定向检索,https://www.google.com/search?q=site%3Aseventeen-17.jp%20MINGYU%202019,定向官方域名查漏,published
2019 S.COUPS X MINGYU｜官方/公开视频检索入口,,小分队,YouTube,S.COUPS X MINGYU,检索入口,平台检索,https://www.youtube.com/results?search_query=SEVENTEEN%20S.COUPS%20X%20MINGYU%202019,用于继续逐条查漏；非单条物料直链,published
2019 MINGYU vlog｜官方/公开视频检索入口,,Vlog,YouTube,MINGYU,检索入口,平台检索,https://www.youtube.com/results?search_query=SEVENTEEN%20MINGYU%20vlog%202019,用于继续逐条查漏；非单条物料直链,published
2019 MINGYU magazine behind｜官方/公开视频检索入口,,杂志画报,YouTube,MINGYU,检索入口,平台检索,https://www.youtube.com/results?search_query=SEVENTEEN%20MINGYU%20magazine%20behind%202019,用于继续逐条查漏；非单条物料直链,published
2019 MINGYU interview｜官方/公开视频检索入口,,采访,YouTube,MINGYU,检索入口,平台检索,https://www.youtube.com/results?search_query=SEVENTEEN%20MINGYU%20interview%202019,用于继续逐条查漏；非单条物料直链,published
2019 MINGYU fancam｜官方/公开视频检索入口,,打歌舞台,YouTube,MINGYU,检索入口,平台检索,https://www.youtube.com/results?search_query=SEVENTEEN%20MINGYU%20fancam%202019,用于继续逐条查漏；非单条物料直链,published
2019 MINGYU birthday｜官方/公开视频检索入口,,生日内容,YouTube,MINGYU,检索入口,平台检索,https://www.youtube.com/results?search_query=SEVENTEEN%20MINGYU%20birthday%202019,用于继续逐条查漏；非单条物料直链,published
2019 MINGYU Nana bnb｜官方/公开视频检索入口,,综艺,YouTube,MINGYU,检索入口,平台检索,https://www.youtube.com/results?search_query=SEVENTEEN%20MINGYU%20Nana%20bnb%202019,用于继续逐条查漏；非单条物料直链,published
2019 MINGYU Nana Tour｜官方/公开视频检索入口,,综艺,YouTube,MINGYU,检索入口,平台检索,https://www.youtube.com/results?search_query=SEVENTEEN%20MINGYU%20Nana%20Tour%202019,用于继续逐条查漏；非单条物料直链,published
2019 MINGYU Master Key｜官方/公开视频检索入口,,综艺,YouTube,MINGYU,检索入口,平台检索,https://www.youtube.com/results?search_query=SEVENTEEN%20MINGYU%20Master%20Key%202019,用于继续逐条查漏；非单条物料直链,published
2019 MINGYU Jungle Law｜官方/公开视频检索入口,,综艺,YouTube,MINGYU,检索入口,平台检索,https://www.youtube.com/results?search_query=SEVENTEEN%20MINGYU%20Jungle%20Law%202019,用于继续逐条查漏；非单条物料直链,published
2019 MINGYU Inkigayo MC｜官方/公开视频检索入口,,主持,YouTube,MINGYU,检索入口,平台检索,https://www.youtube.com/results?search_query=SEVENTEEN%20MINGYU%20Inkigayo%20MC%202019,用于继续逐条查漏；非单条物料直链,published
2019 MINGYU In the SOOP｜官方/公开视频检索入口,,综艺,YouTube,MINGYU,检索入口,平台检索,https://www.youtube.com/results?search_query=SEVENTEEN%20MINGYU%20In%20the%20SOOP%202019,用于继续逐条查漏；非单条物料直链,published
2019 MINGYU FOCUS｜官方/公开视频检索入口,,打歌舞台,YouTube,MINGYU,检索入口,平台检索,https://www.youtube.com/results?search_query=SEVENTEEN%20MINGYU%20FOCUS%202019,用于继续逐条查漏；非单条物料直链,published
2019 MINGYU Bittersweet｜官方/公开视频检索入口,,音乐/MV,YouTube,WONWOO X MINGYU,检索入口,平台检索,https://www.youtube.com/results?search_query=SEVENTEEN%20MINGYU%20Bittersweet%202019,用于继续逐条查漏；非单条物料直链,published
2019 MINGYU Battle Trip｜官方/公开视频检索入口,,综艺,YouTube,MINGYU,检索入口,平台检索,https://www.youtube.com/results?search_query=SEVENTEEN%20MINGYU%20Battle%20Trip%202019,用于继续逐条查漏；非单条物料直链,published
2019 INSIDE SEVENTEEN MINGYU｜官方/公开视频检索入口,,幕后,YouTube,MINGYU,检索入口,平台检索,https://www.youtube.com/results?search_query=SEVENTEEN%20INSIDE%20SEVENTEEN%20MINGYU%202019,用于继续逐条查漏；非单条物料直链,published
2019 GOING SEVENTEEN｜官方/公开视频检索入口,,综艺,YouTube,SEVENTEEN,检索入口,平台检索,https://www.youtube.com/results?search_query=SEVENTEEN%20GOING%20SEVENTEEN%202019,用于继续逐条查漏；非单条物料直链,published
Happy Together EP.548,2018-07-19,综艺,KBS2,嘉宾,高,官方平台检索入口,https://www.youtube.com/results?search_query=KBS2+Happy+Together+EP.548+MINGYU+SEVENTEEN+official,与Seungkwan,published
Inkigayo 固定MC,,主持,SBS,MC,极高,官方平台检索入口,https://www.youtube.com/results?search_query=Inkigayo+%E5%9B%BA%E5%AE%9AMC+MINGYU+SEVENTEEN,长期固定主持,published
Battle Trip EP.78,2018-02-03,综艺,KBS2,嘉宾,高,官方直链,https://www.youtube.com/watch?v=9yfnLSBkLRs,与Seungkwan,published
Master Key EP.13,2018-01-06,综艺,SBS,嘉宾,高,官方平台检索入口,https://www.youtube.com/results?search_query=SBS+Master+Key+EP.13+MINGYU+SEVENTEEN+official,嘉宾,published
Weekly Idol EP.336,2018-01-03,综艺,MBC every1,嘉宾,高,官方平台检索入口,https://www.youtube.com/results?search_query=MBC+every1+Weekly+Idol+EP.336+MINGYU+SEVENTEEN+official,与DK,published
anan,,杂志画报,anan,个人/小组,高,资料检索入口,https://www.google.com/search?q=anan+MINGYU+SEVENTEEN+anan,日本杂志,published
Singles,,杂志画报,Singles Korea,个人/小组,高,资料检索入口,https://www.google.com/search?q=Singles+MINGYU+SEVENTEEN+Singles+Korea,画报,published
SBS Super Concert Taipei MC,,主持,SBS,MC,极高,官方平台检索入口,https://www.youtube.com/results?search_query=SBS+Super+Concert+Taipei+MC+MINGYU+SEVENTEEN,与Irene,published
HIGH CUT,,杂志画报,HIGH CUT,个人/小组,高,资料检索入口,https://www.google.com/search?q=HIGH+CUT+MINGYU+SEVENTEEN+HIGH+CUT,画报,published
2018 Weverse Magazine MINGYU｜定向检索入口,,采访,magazine.weverse.io,MINGYU,检索入口,站内定向检索,https://www.google.com/search?q=site%3Amagazine.weverse.io%20MINGYU%20SEVENTEEN%202018,定向官方域名查漏,published
2018 Weverse MINGYU｜定向检索入口,,直播,weverse.io,MINGYU,检索入口,站内定向检索,https://www.google.com/search?q=site%3Aweverse.io/seventeen%20MINGYU%202018,定向官方域名查漏,published
2018 SEVENTEEN Japan MINGYU｜定向检索入口,,日本物料,seventeen-17.jp,MINGYU,检索入口,站内定向检索,https://www.google.com/search?q=site%3Aseventeen-17.jp%20MINGYU%202018,定向官方域名查漏,published
2018 S.COUPS X MINGYU｜官方/公开视频检索入口,,小分队,YouTube,S.COUPS X MINGYU,检索入口,平台检索,https://www.youtube.com/results?search_query=SEVENTEEN%20S.COUPS%20X%20MINGYU%202018,用于继续逐条查漏；非单条物料直链,published
2018 MINGYU vlog｜官方/公开视频检索入口,,Vlog,YouTube,MINGYU,检索入口,平台检索,https://www.youtube.com/results?search_query=SEVENTEEN%20MINGYU%20vlog%202018,用于继续逐条查漏；非单条物料直链,published
2018 MINGYU magazine behind｜官方/公开视频检索入口,,杂志画报,YouTube,MINGYU,检索入口,平台检索,https://www.youtube.com/results?search_query=SEVENTEEN%20MINGYU%20magazine%20behind%202018,用于继续逐条查漏；非单条物料直链,published
2018 MINGYU interview｜官方/公开视频检索入口,,采访,YouTube,MINGYU,检索入口,平台检索,https://www.youtube.com/results?search_query=SEVENTEEN%20MINGYU%20interview%202018,用于继续逐条查漏；非单条物料直链,published
2018 MINGYU fancam｜官方/公开视频检索入口,,打歌舞台,YouTube,MINGYU,检索入口,平台检索,https://www.youtube.com/results?search_query=SEVENTEEN%20MINGYU%20fancam%202018,用于继续逐条查漏；非单条物料直链,published
2018 MINGYU birthday｜官方/公开视频检索入口,,生日内容,YouTube,MINGYU,检索入口,平台检索,https://www.youtube.com/results?search_query=SEVENTEEN%20MINGYU%20birthday%202018,用于继续逐条查漏；非单条物料直链,published
2018 MINGYU Nana bnb｜官方/公开视频检索入口,,综艺,YouTube,MINGYU,检索入口,平台检索,https://www.youtube.com/results?search_query=SEVENTEEN%20MINGYU%20Nana%20bnb%202018,用于继续逐条查漏；非单条物料直链,published
2018 MINGYU Nana Tour｜官方/公开视频检索入口,,综艺,YouTube,MINGYU,检索入口,平台检索,https://www.youtube.com/results?search_query=SEVENTEEN%20MINGYU%20Nana%20Tour%202018,用于继续逐条查漏；非单条物料直链,published
2018 MINGYU Master Key｜官方/公开视频检索入口,,综艺,YouTube,MINGYU,检索入口,平台检索,https://www.youtube.com/results?search_query=SEVENTEEN%20MINGYU%20Master%20Key%202018,用于继续逐条查漏；非单条物料直链,published
2018 MINGYU Jungle Law｜官方/公开视频检索入口,,综艺,YouTube,MINGYU,检索入口,平台检索,https://www.youtube.com/results?search_query=SEVENTEEN%20MINGYU%20Jungle%20Law%202018,用于继续逐条查漏；非单条物料直链,published
2018 MINGYU Inkigayo MC｜官方/公开视频检索入口,,主持,YouTube,MINGYU,检索入口,平台检索,https://www.youtube.com/results?search_query=SEVENTEEN%20MINGYU%20Inkigayo%20MC%202018,用于继续逐条查漏；非单条物料直链,published
2018 MINGYU In the SOOP｜官方/公开视频检索入口,,综艺,YouTube,MINGYU,检索入口,平台检索,https://www.youtube.com/results?search_query=SEVENTEEN%20MINGYU%20In%20the%20SOOP%202018,用于继续逐条查漏；非单条物料直链,published
2018 MINGYU FOCUS｜官方/公开视频检索入口,,打歌舞台,YouTube,MINGYU,检索入口,平台检索,https://www.youtube.com/results?search_query=SEVENTEEN%20MINGYU%20FOCUS%202018,用于继续逐条查漏；非单条物料直链,published
2018 MINGYU Bittersweet｜官方/公开视频检索入口,,音乐/MV,YouTube,WONWOO X MINGYU,检索入口,平台检索,https://www.youtube.com/results?search_query=SEVENTEEN%20MINGYU%20Bittersweet%202018,用于继续逐条查漏；非单条物料直链,published
2018 MINGYU Battle Trip｜官方/公开视频检索入口,,综艺,YouTube,MINGYU,检索入口,平台检索,https://www.youtube.com/results?search_query=SEVENTEEN%20MINGYU%20Battle%20Trip%202018,用于继续逐条查漏；非单条物料直链,published
2018 INSIDE SEVENTEEN MINGYU｜官方/公开视频检索入口,,幕后,YouTube,MINGYU,检索入口,平台检索,https://www.youtube.com/results?search_query=SEVENTEEN%20INSIDE%20SEVENTEEN%20MINGYU%202018,用于继续逐条查漏；非单条物料直链,published
2018 GOING SEVENTEEN｜官方/公开视频检索入口,,综艺,YouTube,SEVENTEEN,检索入口,平台检索,https://www.youtube.com/results?search_query=SEVENTEEN%20GOING%20SEVENTEEN%202018,用于继续逐条查漏；非单条物料直链,published
1st Look,,杂志画报,1st Look,个人/小组,高,资料检索入口,https://www.google.com/search?q=1st+Look+MINGYU+SEVENTEEN+1st+Look,画报,published
GOING SEVENTEEN,,综艺,SEVENTEEN,团体固定,中-高,官方平台检索入口,https://www.youtube.com/results?search_query=GOING+SEVENTEEN+SEVENTEEN+official,珉奎参与；建议按集拆分继续补录,published
Master Key EP.12,2017-12-30,综艺,SBS,嘉宾,高,官方平台检索入口,https://www.youtube.com/results?search_query=SBS+Master+Key+EP.12+MINGYU+SEVENTEEN+official,嘉宾,published
KBS Song Festival 特别MC,2017-12-29,主持,KBS,MC,极高,官方平台检索入口,https://www.youtube.com/results?search_query=KBS+Song+Festival+%E7%89%B9%E5%88%ABMC+MINGYU+SEVENTEEN,,published
"[dingo] 수상한 스시집 - SEVENTEEN 호시, 민규",2017-12-28,综艺,Dingo,个人/小组,高,平台检索入口,https://www.youtube.com/results?search_query=%5Bdingo%5D+%EC%88%98%EC%83%81%ED%95%9C+%EC%8A%A4%EC%8B%9C%EC%A7%91+-+SEVENTEEN+%ED%98%B8%EC%8B%9C%2C+%EB%AF%BC%EA%B7%9C+MINGYU,与Hoshi,published
Master Key EP.8,2017-12-02,综艺,SBS,嘉宾,高,官方平台检索入口,https://www.youtube.com/results?search_query=SBS+Master+Key+EP.8+MINGYU+SEVENTEEN+official,嘉宾,published
Master Key EP.3,2017-10-28,综艺,SBS,嘉宾,高,官方平台检索入口,https://www.youtube.com/results?search_query=SBS+Master+Key+EP.3+MINGYU+SEVENTEEN+official,嘉宾,published
GOING SEVENTEEN 2017 EP.16,2017-09-25,综艺,SEVENTEEN YouTube,团体,中,官方直链,https://www.youtube.com/watch?v=vQkbDpgNZSw,官方可核验,published
丛林的法则－科莫多岛篇 EP.275-279,,综艺,SBS,嘉宾,高,官方平台检索入口,https://www.youtube.com/results?search_query=SBS+%E4%B8%9B%E6%9E%97%E7%9A%84%E6%B3%95%E5%88%99%EF%BC%8D%E7%A7%91%E8%8E%AB%E5%A4%9A%E5%B2%9B%E7%AF%87+EP.275-279+MINGYU+SEVENTEEN+official,固定出演该篇,published
GOING SEVENTEEN 2017 EP.01,2017-06-12,综艺,SEVENTEEN YouTube,团体,中,官方直链,https://www.youtube.com/watch?v=JXxsJc_Hbus,GOING 2017起点,published
白钟元的三大天王 EP.80,2017-04-01,综艺,SBS,嘉宾,高,官方平台检索入口,https://www.youtube.com/results?search_query=SBS+%E7%99%BD%E9%92%9F%E5%85%83%E7%9A%84%E4%B8%89%E5%A4%A7%E5%A4%A9%E7%8E%8B+EP.80+MINGYU+SEVENTEEN+official,与Seungkwan,published
HERA Seoul Fashion Week BIG PARK runway,2017-03-28,品牌时尚,BIG PARK,个人,极高,资料检索入口,https://www.google.com/search?q=HERA+Seoul+Fashion+Week+BIG+PARK+runway+MINGYU,走秀,published
민규의 나의 영희가 되어줘 4화,2017-03-14,直播,V LIVE（已停服）,直播,极高,补档检索入口,https://www.youtube.com/results?search_query=SEVENTEEN+MINGYU+%EB%AF%BC%EA%B7%9C%EC%9D%98+%EB%82%98%EC%9D%98+%EC%98%81%ED%9D%AC%EA%B0%80+%EB%90%98%EC%96%B4%EC%A4%98+4%ED%99%94,与Jeonghan、Seungkwan,published
민규의 오늘의 메뉴는 무엇인규?,2017-02-17,直播,V LIVE（已停服）,直播,极高,补档检索入口,https://www.youtube.com/results?search_query=SEVENTEEN+MINGYU+%EB%AF%BC%EA%B7%9C%EC%9D%98+%EC%98%A4%EB%8A%98%EC%9D%98+%EB%A9%94%EB%89%B4%EB%8A%94+%EB%AC%B4%EC%97%87%EC%9D%B8%EA%B7%9C%3F,个人 CH+,published
One Fine Day in Japan,,团综,MBC Music,团体固定,中-高,官方平台检索入口,https://www.youtube.com/results?search_query=One+Fine+Day+in+Japan+SEVENTEEN+official,珉奎参与；建议按集拆分继续补录,published
DAZED,,杂志画报,DAZED Korea,个人/小组,高,资料检索入口,https://www.google.com/search?q=DAZED+MINGYU+SEVENTEEN+DAZED+Korea,画报,published
CeCi,,杂志画报,CeCi,个人/小组,高,资料检索入口,https://www.google.com/search?q=CeCi+MINGYU+SEVENTEEN+CeCi,画报,published
@star1,,杂志画报,@star1,个人/小组,高,资料检索入口,https://www.google.com/search?q=%40star1+MINGYU+SEVENTEEN+%40star1,画报/采访,published
2017 Weverse Magazine MINGYU｜定向检索入口,,采访,magazine.weverse.io,MINGYU,检索入口,站内定向检索,https://www.google.com/search?q=site%3Amagazine.weverse.io%20MINGYU%20SEVENTEEN%202017,定向官方域名查漏,published
2017 Weverse MINGYU｜定向检索入口,,直播,weverse.io,MINGYU,检索入口,站内定向检索,https://www.google.com/search?q=site%3Aweverse.io/seventeen%20MINGYU%202017,定向官方域名查漏,published
2017 SEVENTEEN Project Chapter1. Alone Trailer #MINGYU,,官方影像,Weverse,个人,极高,官方直链,https://weverse.io/seventeen/media/0-105456587,官方可核验,published
2017 SEVENTEEN Japan MINGYU｜定向检索入口,,日本物料,seventeen-17.jp,MINGYU,检索入口,站内定向检索,https://www.google.com/search?q=site%3Aseventeen-17.jp%20MINGYU%202017,定向官方域名查漏,published
2017 S.COUPS X MINGYU｜官方/公开视频检索入口,,小分队,YouTube,S.COUPS X MINGYU,检索入口,平台检索,https://www.youtube.com/results?search_query=SEVENTEEN%20S.COUPS%20X%20MINGYU%202017,用于继续逐条查漏；非单条物料直链,published
2017 MINGYU vlog｜官方/公开视频检索入口,,Vlog,YouTube,MINGYU,检索入口,平台检索,https://www.youtube.com/results?search_query=SEVENTEEN%20MINGYU%20vlog%202017,用于继续逐条查漏；非单条物料直链,published
2017 MINGYU magazine behind｜官方/公开视频检索入口,,杂志画报,YouTube,MINGYU,检索入口,平台检索,https://www.youtube.com/results?search_query=SEVENTEEN%20MINGYU%20magazine%20behind%202017,用于继续逐条查漏；非单条物料直链,published
2017 MINGYU interview｜官方/公开视频检索入口,,采访,YouTube,MINGYU,检索入口,平台检索,https://www.youtube.com/results?search_query=SEVENTEEN%20MINGYU%20interview%202017,用于继续逐条查漏；非单条物料直链,published
2017 MINGYU fancam｜官方/公开视频检索入口,,打歌舞台,YouTube,MINGYU,检索入口,平台检索,https://www.youtube.com/results?search_query=SEVENTEEN%20MINGYU%20fancam%202017,用于继续逐条查漏；非单条物料直链,published
2017 MINGYU birthday｜官方/公开视频检索入口,,生日内容,YouTube,MINGYU,检索入口,平台检索,https://www.youtube.com/results?search_query=SEVENTEEN%20MINGYU%20birthday%202017,用于继续逐条查漏；非单条物料直链,published
2017 MINGYU Nana bnb｜官方/公开视频检索入口,,综艺,YouTube,MINGYU,检索入口,平台检索,https://www.youtube.com/results?search_query=SEVENTEEN%20MINGYU%20Nana%20bnb%202017,用于继续逐条查漏；非单条物料直链,published
2017 MINGYU Nana Tour｜官方/公开视频检索入口,,综艺,YouTube,MINGYU,检索入口,平台检索,https://www.youtube.com/results?search_query=SEVENTEEN%20MINGYU%20Nana%20Tour%202017,用于继续逐条查漏；非单条物料直链,published
2017 MINGYU Master Key｜官方/公开视频检索入口,,综艺,YouTube,MINGYU,检索入口,平台检索,https://www.youtube.com/results?search_query=SEVENTEEN%20MINGYU%20Master%20Key%202017,用于继续逐条查漏；非单条物料直链,published
2017 MINGYU Jungle Law｜官方/公开视频检索入口,,综艺,YouTube,MINGYU,检索入口,平台检索,https://www.youtube.com/results?search_query=SEVENTEEN%20MINGYU%20Jungle%20Law%202017,用于继续逐条查漏；非单条物料直链,published
2017 MINGYU Inkigayo MC｜官方/公开视频检索入口,,主持,YouTube,MINGYU,检索入口,平台检索,https://www.youtube.com/results?search_query=SEVENTEEN%20MINGYU%20Inkigayo%20MC%202017,用于继续逐条查漏；非单条物料直链,published
2017 MINGYU In the SOOP｜官方/公开视频检索入口,,综艺,YouTube,MINGYU,检索入口,平台检索,https://www.youtube.com/results?search_query=SEVENTEEN%20MINGYU%20In%20the%20SOOP%202017,用于继续逐条查漏；非单条物料直链,published
2017 MINGYU FOCUS｜官方/公开视频检索入口,,打歌舞台,YouTube,MINGYU,检索入口,平台检索,https://www.youtube.com/results?search_query=SEVENTEEN%20MINGYU%20FOCUS%202017,用于继续逐条查漏；非单条物料直链,published
2017 MINGYU Bittersweet｜官方/公开视频检索入口,,音乐/MV,YouTube,WONWOO X MINGYU,检索入口,平台检索,https://www.youtube.com/results?search_query=SEVENTEEN%20MINGYU%20Bittersweet%202017,用于继续逐条查漏；非单条物料直链,published
2017 MINGYU Battle Trip｜官方/公开视频检索入口,,综艺,YouTube,MINGYU,检索入口,平台检索,https://www.youtube.com/results?search_query=SEVENTEEN%20MINGYU%20Battle%20Trip%202017,用于继续逐条查漏；非单条物料直链,published
2017 INSIDE SEVENTEEN MINGYU｜官方/公开视频检索入口,,幕后,YouTube,MINGYU,检索入口,平台检索,https://www.youtube.com/results?search_query=SEVENTEEN%20INSIDE%20SEVENTEEN%20MINGYU%202017,用于继续逐条查漏；非单条物料直链,published
2017 GOING SEVENTEEN｜官方/公开视频检索入口,,综艺,YouTube,SEVENTEEN,检索入口,平台检索,https://www.youtube.com/results?search_query=SEVENTEEN%20GOING%20SEVENTEEN%202017,用于继续逐条查漏；非单条物料直链,published
나의 영희가 되어줘 3화,2016-11-12,直播,V LIVE（已停服）,直播,极高,补档检索入口,https://www.youtube.com/results?search_query=SEVENTEEN+MINGYU+%EB%82%98%EC%9D%98+%EC%98%81%ED%9D%AC%EA%B0%80+%EB%90%98%EC%96%B4%EC%A4%98+3%ED%99%94,与Joshua、Jun,published
준&민규 x 같이 먹어요,2016-10-01,直播,V LIVE（已停服）,直播,极高,补档检索入口,https://www.youtube.com/results?search_query=SEVENTEEN+MINGYU+%EC%A4%80%26%EB%AF%BC%EA%B7%9C+x+%EA%B0%99%EC%9D%B4+%EB%A8%B9%EC%96%B4%EC%9A%94,与Jun,published
Happy Birthday! MINGYU,2016-04-06,直播,V LIVE（已停服）,直播,极高,补档检索入口,https://www.youtube.com/results?search_query=SEVENTEEN+MINGYU+Happy+Birthday%21+MINGYU,个人生日直播,published
고3s 도겸 민규 승관 축! 졸업!,2016-02-04,直播,V LIVE（已停服）,直播,极高,补档检索入口,https://www.youtube.com/results?search_query=SEVENTEEN+MINGYU+%EA%B3%A03s+%EB%8F%84%EA%B2%B8+%EB%AF%BC%EA%B7%9C+%EC%8A%B9%EA%B4%80+%EC%B6%95%21+%EC%A1%B8%EC%97%85%21,与S.COUPS、DK、Seungkwan,published
One Fine Day: 13 Castaway Boys,,团综,MBC Music,团体固定,中-高,官方平台检索入口,https://www.youtube.com/results?search_query=One+Fine+Day%3A+13+Castaway+Boys+SEVENTEEN+official,珉奎参与；建议按集拆分继续补录,published
M Countdown 实习MC,,主持,Mnet,MC,极高,官方平台检索入口,https://www.youtube.com/results?search_query=M+Countdown+%E5%AE%9E%E4%B9%A0MC+MINGYU+SEVENTEEN,,published
2016 Weverse Magazine MINGYU｜定向检索入口,,采访,magazine.weverse.io,MINGYU,检索入口,站内定向检索,https://www.google.com/search?q=site%3Amagazine.weverse.io%20MINGYU%20SEVENTEEN%202016,定向官方域名查漏,published
2016 Weverse MINGYU｜定向检索入口,,直播,weverse.io,MINGYU,检索入口,站内定向检索,https://www.google.com/search?q=site%3Aweverse.io/seventeen%20MINGYU%202016,定向官方域名查漏,published
2016 SEVENTEEN Japan MINGYU｜定向检索入口,,日本物料,seventeen-17.jp,MINGYU,检索入口,站内定向检索,https://www.google.com/search?q=site%3Aseventeen-17.jp%20MINGYU%202016,定向官方域名查漏,published
2016 S.COUPS X MINGYU｜官方/公开视频检索入口,,小分队,YouTube,S.COUPS X MINGYU,检索入口,平台检索,https://www.youtube.com/results?search_query=SEVENTEEN%20S.COUPS%20X%20MINGYU%202016,用于继续逐条查漏；非单条物料直链,published
2016 MINGYU vlog｜官方/公开视频检索入口,,Vlog,YouTube,MINGYU,检索入口,平台检索,https://www.youtube.com/results?search_query=SEVENTEEN%20MINGYU%20vlog%202016,用于继续逐条查漏；非单条物料直链,published
2016 MINGYU magazine behind｜官方/公开视频检索入口,,杂志画报,YouTube,MINGYU,检索入口,平台检索,https://www.youtube.com/results?search_query=SEVENTEEN%20MINGYU%20magazine%20behind%202016,用于继续逐条查漏；非单条物料直链,published
2016 MINGYU interview｜官方/公开视频检索入口,,采访,YouTube,MINGYU,检索入口,平台检索,https://www.youtube.com/results?search_query=SEVENTEEN%20MINGYU%20interview%202016,用于继续逐条查漏；非单条物料直链,published
2016 MINGYU fancam｜官方/公开视频检索入口,,打歌舞台,YouTube,MINGYU,检索入口,平台检索,https://www.youtube.com/results?search_query=SEVENTEEN%20MINGYU%20fancam%202016,用于继续逐条查漏；非单条物料直链,published
2016 MINGYU birthday｜官方/公开视频检索入口,,生日内容,YouTube,MINGYU,检索入口,平台检索,https://www.youtube.com/results?search_query=SEVENTEEN%20MINGYU%20birthday%202016,用于继续逐条查漏；非单条物料直链,published
2016 MINGYU Nana bnb｜官方/公开视频检索入口,,综艺,YouTube,MINGYU,检索入口,平台检索,https://www.youtube.com/results?search_query=SEVENTEEN%20MINGYU%20Nana%20bnb%202016,用于继续逐条查漏；非单条物料直链,published
2016 MINGYU Nana Tour｜官方/公开视频检索入口,,综艺,YouTube,MINGYU,检索入口,平台检索,https://www.youtube.com/results?search_query=SEVENTEEN%20MINGYU%20Nana%20Tour%202016,用于继续逐条查漏；非单条物料直链,published
2016 MINGYU Master Key｜官方/公开视频检索入口,,综艺,YouTube,MINGYU,检索入口,平台检索,https://www.youtube.com/results?search_query=SEVENTEEN%20MINGYU%20Master%20Key%202016,用于继续逐条查漏；非单条物料直链,published
2016 MINGYU Jungle Law｜官方/公开视频检索入口,,综艺,YouTube,MINGYU,检索入口,平台检索,https://www.youtube.com/results?search_query=SEVENTEEN%20MINGYU%20Jungle%20Law%202016,用于继续逐条查漏；非单条物料直链,published
2016 MINGYU Inkigayo MC｜官方/公开视频检索入口,,主持,YouTube,MINGYU,检索入口,平台检索,https://www.youtube.com/results?search_query=SEVENTEEN%20MINGYU%20Inkigayo%20MC%202016,用于继续逐条查漏；非单条物料直链,published
2016 MINGYU In the SOOP｜官方/公开视频检索入口,,综艺,YouTube,MINGYU,检索入口,平台检索,https://www.youtube.com/results?search_query=SEVENTEEN%20MINGYU%20In%20the%20SOOP%202016,用于继续逐条查漏；非单条物料直链,published
2016 MINGYU FOCUS｜官方/公开视频检索入口,,打歌舞台,YouTube,MINGYU,检索入口,平台检索,https://www.youtube.com/results?search_query=SEVENTEEN%20MINGYU%20FOCUS%202016,用于继续逐条查漏；非单条物料直链,published
2016 MINGYU Bittersweet｜官方/公开视频检索入口,,音乐/MV,YouTube,WONWOO X MINGYU,检索入口,平台检索,https://www.youtube.com/results?search_query=SEVENTEEN%20MINGYU%20Bittersweet%202016,用于继续逐条查漏；非单条物料直链,published
2016 MINGYU Battle Trip｜官方/公开视频检索入口,,综艺,YouTube,MINGYU,检索入口,平台检索,https://www.youtube.com/results?search_query=SEVENTEEN%20MINGYU%20Battle%20Trip%202016,用于继续逐条查漏；非单条物料直链,published
2016 INSIDE SEVENTEEN MINGYU｜官方/公开视频检索入口,,幕后,YouTube,MINGYU,检索入口,平台检索,https://www.youtube.com/results?search_query=SEVENTEEN%20INSIDE%20SEVENTEEN%20MINGYU%202016,用于继续逐条查漏；非单条物料直链,published
2016 GOING SEVENTEEN｜官方/公开视频检索入口,,综艺,YouTube,SEVENTEEN,检索入口,平台检索,https://www.youtube.com/results?search_query=SEVENTEEN%20GOING%20SEVENTEEN%202016,用于继续逐条查漏；非单条物料直链,published
나의 영희가 되어줘 2화,2015-11-27,直播,V LIVE（已停服）,直播,极高,补档检索入口,https://www.youtube.com/results?search_query=SEVENTEEN+MINGYU+%EB%82%98%EC%9D%98+%EC%98%81%ED%9D%AC%EA%B0%80+%EB%90%98%EC%96%B4%EC%A4%98+2%ED%99%94,与Hoshi、Dino,published
白钟元的三大天王 EP.12,2015-11-20,综艺,SBS,嘉宾,高,官方平台检索入口,https://www.youtube.com/results?search_query=SBS+%E7%99%BD%E9%92%9F%E5%85%83%E7%9A%84%E4%B8%89%E5%A4%A7%E5%A4%A9%E7%8E%8B+EP.12+MINGYU+SEVENTEEN+official,与S.COUPS、Hoshi、THE 8、Vernon,published
Cosmopolitan Hip-hop Unit,,杂志画报,Cosmopolitan,个人/小组,高,资料检索入口,https://www.google.com/search?q=Cosmopolitan+Hip-hop+Unit+MINGYU+SEVENTEEN+Cosmopolitan,Hip-hop Unit,published
1 VS 100,2015-08-04,综艺,KBS2,嘉宾,高,官方平台检索入口,https://www.youtube.com/results?search_query=KBS2+1+VS+100+MINGYU+SEVENTEEN+official,与Hoshi,published
IZE Magazine Hip-hop Unit,,杂志画报,IZE,个人/小组,高,资料检索入口,https://www.google.com/search?q=IZE+Magazine+Hip-hop+Unit+MINGYU+SEVENTEEN+IZE,Hip-hop Unit,published
SEVENTEEN Project: Debut Big Plan,,团综,MBC Music,团体固定,中-高,官方平台检索入口,https://www.youtube.com/results?search_query=SEVENTEEN+Project%3A+Debut+Big+Plan+SEVENTEEN+official,珉奎参与；建议按集拆分继续补录,published
2015 Weverse Magazine MINGYU｜定向检索入口,,采访,magazine.weverse.io,MINGYU,检索入口,站内定向检索,https://www.google.com/search?q=site%3Amagazine.weverse.io%20MINGYU%20SEVENTEEN%202015,定向官方域名查漏,published
2015 Weverse MINGYU｜定向检索入口,,直播,weverse.io,MINGYU,检索入口,站内定向检索,https://www.google.com/search?q=site%3Aweverse.io/seventeen%20MINGYU%202015,定向官方域名查漏,published
2015 SEVENTEEN Japan MINGYU｜定向检索入口,,日本物料,seventeen-17.jp,MINGYU,检索入口,站内定向检索,https://www.google.com/search?q=site%3Aseventeen-17.jp%20MINGYU%202015,定向官方域名查漏,published
2015 S.COUPS X MINGYU｜官方/公开视频检索入口,,小分队,YouTube,S.COUPS X MINGYU,检索入口,平台检索,https://www.youtube.com/results?search_query=SEVENTEEN%20S.COUPS%20X%20MINGYU%202015,用于继续逐条查漏；非单条物料直链,published
2015 MINGYU vlog｜官方/公开视频检索入口,,Vlog,YouTube,MINGYU,检索入口,平台检索,https://www.youtube.com/results?search_query=SEVENTEEN%20MINGYU%20vlog%202015,用于继续逐条查漏；非单条物料直链,published
2015 MINGYU magazine behind｜官方/公开视频检索入口,,杂志画报,YouTube,MINGYU,检索入口,平台检索,https://www.youtube.com/results?search_query=SEVENTEEN%20MINGYU%20magazine%20behind%202015,用于继续逐条查漏；非单条物料直链,published
2015 MINGYU interview｜官方/公开视频检索入口,,采访,YouTube,MINGYU,检索入口,平台检索,https://www.youtube.com/results?search_query=SEVENTEEN%20MINGYU%20interview%202015,用于继续逐条查漏；非单条物料直链,published
2015 MINGYU fancam｜官方/公开视频检索入口,,打歌舞台,YouTube,MINGYU,检索入口,平台检索,https://www.youtube.com/results?search_query=SEVENTEEN%20MINGYU%20fancam%202015,用于继续逐条查漏；非单条物料直链,published
2015 MINGYU birthday｜官方/公开视频检索入口,,生日内容,YouTube,MINGYU,检索入口,平台检索,https://www.youtube.com/results?search_query=SEVENTEEN%20MINGYU%20birthday%202015,用于继续逐条查漏；非单条物料直链,published
2015 MINGYU Nana bnb｜官方/公开视频检索入口,,综艺,YouTube,MINGYU,检索入口,平台检索,https://www.youtube.com/results?search_query=SEVENTEEN%20MINGYU%20Nana%20bnb%202015,用于继续逐条查漏；非单条物料直链,published
2015 MINGYU Nana Tour｜官方/公开视频检索入口,,综艺,YouTube,MINGYU,检索入口,平台检索,https://www.youtube.com/results?search_query=SEVENTEEN%20MINGYU%20Nana%20Tour%202015,用于继续逐条查漏；非单条物料直链,published
2015 MINGYU Master Key｜官方/公开视频检索入口,,综艺,YouTube,MINGYU,检索入口,平台检索,https://www.youtube.com/results?search_query=SEVENTEEN%20MINGYU%20Master%20Key%202015,用于继续逐条查漏；非单条物料直链,published
2015 MINGYU Jungle Law｜官方/公开视频检索入口,,综艺,YouTube,MINGYU,检索入口,平台检索,https://www.youtube.com/results?search_query=SEVENTEEN%20MINGYU%20Jungle%20Law%202015,用于继续逐条查漏；非单条物料直链,published
2015 MINGYU Inkigayo MC｜官方/公开视频检索入口,,主持,YouTube,MINGYU,检索入口,平台检索,https://www.youtube.com/results?search_query=SEVENTEEN%20MINGYU%20Inkigayo%20MC%202015,用于继续逐条查漏；非单条物料直链,published
2015 MINGYU In the SOOP｜官方/公开视频检索入口,,综艺,YouTube,MINGYU,检索入口,平台检索,https://www.youtube.com/results?search_query=SEVENTEEN%20MINGYU%20In%20the%20SOOP%202015,用于继续逐条查漏；非单条物料直链,published
2015 MINGYU FOCUS｜官方/公开视频检索入口,,打歌舞台,YouTube,MINGYU,检索入口,平台检索,https://www.youtube.com/results?search_query=SEVENTEEN%20MINGYU%20FOCUS%202015,用于继续逐条查漏；非单条物料直链,published
2015 MINGYU Bittersweet｜官方/公开视频检索入口,,音乐/MV,YouTube,WONWOO X MINGYU,检索入口,平台检索,https://www.youtube.com/results?search_query=SEVENTEEN%20MINGYU%20Bittersweet%202015,用于继续逐条查漏；非单条物料直链,published
2015 MINGYU Battle Trip｜官方/公开视频检索入口,,综艺,YouTube,MINGYU,检索入口,平台检索,https://www.youtube.com/results?search_query=SEVENTEEN%20MINGYU%20Battle%20Trip%202015,用于继续逐条查漏；非单条物料直链,published
2015 INSIDE SEVENTEEN MINGYU｜官方/公开视频检索入口,,幕后,YouTube,MINGYU,检索入口,平台检索,https://www.youtube.com/results?search_query=SEVENTEEN%20INSIDE%20SEVENTEEN%20MINGYU%202015,用于继续逐条查漏；非单条物料直链,published
2015 GOING SEVENTEEN｜官方/公开视频检索入口,,综艺,YouTube,SEVENTEEN,检索入口,平台检索,https://www.youtube.com/results?search_query=SEVENTEEN%20GOING%20SEVENTEEN%202015,用于继续逐条查漏；非单条物料直链,published
